date,name
2024-01-01,New Year's Day
2024-01-22,Unity Day of Ukraine
2024-03-08,International Women's Day
2024-05-01,Labor Day
2024-05-09,Day of Victory over Nazism
2024-05-19,Day of Remembrance of Victims of Political Repressions
2024-06-28,Constitution Day of Ukraine
2024-06-30,Youth Day
2024-07-28,Day of Ukrainian Statehood
2024-08-24,Independence Day of Ukraine
2024-09-01,Knowledge Day
2024-10-14,Defender of Ukraine Day
2024-11-21,Dignity and Freedom Day
2024-12-06,Armed Forces Day
2024-12-25,Christmas Day
2025-01-01,New Year's Day
2025-03-08,International Women's Day
2025-05-01,Labor Day
2025-05-09,Victory Day
2025-06-01,International Children's Day
2025-06-28,Constitution Day
2025-08-24,Independence Day
2025-10-14,Defender of Ukraine Day
2025-12-25,Christmas Day
2025-12-31,New Year's Eve